{"cameraMode":{"drawMode":0,"name":"Shaded","section":"Shading Mode"},"sceneLighting":true,"audioPlay":false,"sceneViewState":{"m_AlwaysRefresh":false,"showFog":true,"showSkybox":true,"showFlares":true,"showImageEffects":true,"showParticleSystems":true,"showVisualEffectGraphs":true,"m_FxEnabled":true},"in2DMode":false,"pivot":{"x":-1.9341773986816407,"y":-0.22564983367919923,"z":-4.899359226226807},"rotation":{"x":-0.15370219945907594,"y":0.7764818668365479,"z":-0.20765021443367005,"w":-0.5747507214546204},"size":13.654437065124512,"orthographic":false}